virus_name,rna_sequence
SYNTHETIC_DEMO_c1_t1,AUGCCUAGAAGUGUGUGAUCGUAUUGCUGCCAAGUAUUCGAUGUAUCUGUUACUCAGAGG
SYNTHETIC_DEMO_c1_t2,AUGCGUAGAAGUGUGCGAUCGCAUUGCUUCAAAGUAUUCGCUGCCUCUGUUACCCAGAGG
SYNTHETIC_DEMO_c1_t3,AUGCCUAAAAGUGUGUGAGCGCAUUGCUGCGAAGUAUUCGAUGCAUGUGUUACCCAGAGG
SYNTHETIC_DEMO_c1_t4,AUGCCUAGGAGUGUGUGAUGGCAUUGCUGCCAAGUAUUCCAUGCAUCUGGAACCCAGAGC
SYNTHETIC_DEMO_c2_t1,AUAAAGGUCCAACUGUAAUAACUGCUGUUAUCUGUGUGUGAUGCGUUUCUCGGACAACCA
SYNTHETIC_DEMO_c2_t2,AUAAAGGUCCAACUGUAAUAGCUGAUUUUAUCUGUGGGGUAUGCGUAACUCGGACAAUCA
SYNTHETIC_DEMO_c2_t3,AUAAAGGUCCAAGUGUUAUAACUGAUUUUAUCUGUGGGUGAUGCGAUUCUCGGACAACCA
SYNTHETIC_DEMO_c2_t4,AUAAAGGUCCAUUUGUAACAACUGAUUUUAUCUUUGGGUGAUGCGUUUCUCGUACAACCA
SYNTHETIC_DEMO_c3_t1,ACGGGCGUUGAGCGGUCUUCCGUGUCGCUCGAUUCGCUACAACUUGGUAAACAUAGUGCC
SYNTHETIC_DEMO_c3_t2,AUGGGCCUUGAGCGGUCUUCCGUCACGCUCGAUCCGCUGGAACUUGGCAACCACAGUGCC
SYNTHETIC_DEMO_c3_t3,AUGGUCUUUGACCGUUCUUGCGAGUCGCUCGAUCCGGUGGCAAUAGGCAAACACAGUGCC
SYNTHETIC_DEMO_c3_t4,AUGGGCGUUUAACGGUCUUCCGUGUUGCUCGAUCAGCUGAAACUUGGCAACCAGAGUUCC
